TRUNCATE `report_list`;
INSERT INTO `report_list` (`id`, `name`, `grouping`, `query`, `data_source`, `extra_field_1`, `extra_field_2`)
VALUES
    (1, 'ers_transaction_statistics','marketing','select IFNULL(ts.channel,\'N/A\') as channel,IFNULL(ts.account_type,\'N/A\') as \'account_type\',IFNULL(ts.transaction_type,\'N/A\') as transaction_type, IFNULL(sum(ts.count),0) as \'successful_transaction_count\',FORMAT(IFNULL(sum(ts.amount),0),2) as \'successful_transaction_amount\' ,IFNULL(ts.currency,\'N/A\') as \'currency\' from channel_wise_day_wise ts where ts.end_time_day between :fromDate and :toDate and (\'ALL\' in (:channel) or ts.channel in (:channel)) and (\'ALL\' in (:accountType)  or ts.account_type in (:accountType)) and (\'ALL\' in (:transactionType)  or transaction_type in (:transactionType)) group by ts.channel,ts.account_type,ts.transaction_type\nUNION select \'Total successful_transaction_count\',IFNULL(sum(count),0),\'Total successful_transaction_amount\', IFNULL(sum(amount),0),\'Currency\' ,IFNULL(currency,\'N/A\')from channel_wise_day_wise where end_time_day between :fromDate and :toDate and (\'ALL\' in (:channel) or channel in (:channel)) and (\'ALL\' in (:accountType)  or account_type in (:accountType)) and (\'ALL\' in (:transactionType)  or transaction_type in (:transactionType))','mysql', NULL, NULL),
    (2, 'ers_transaction_statistics_support', 'support', 'select IFNULL(ts.channel,\'N/A\') as channel,IFNULL(ts.transaction_type,\'N/A\') as transaction_type, IFNULL(sum(ts.count),0) as \'successful_transaction_count\', IFNULL(ts.currency,\'N/A\') as \'currency\', FORMAT(IFNULL(sum(ts.amount),0),2) as \'successful_transaction_amount\' from channel_wise_day_wise ts where ts.end_time_day between :fromDate and :toDate and ( \'ALL\' in (:channel) or ts.channel in (:channel)) and (\'ALL\' in (:transactionType)  or transaction_type in (:transactionType)) group by ts.channel,ts.transaction_type \n UNION (select IFNULL(ts2.channel,\'N/A\') as channel,IFNULL(ts2.transaction_type,\'N/A\') as transaction_type, IFNULL(sum(ts2.count),0) as \'successful_transaction_count\', IF(ts2.currency=\"\",\'N/A\',ts2.currency) as \'currency\', IFNULL(sum(ts2.amount),0) as \'successful_transaction_amount\' from non_monetory_channel_wise_day_wise ts2 where ts2.end_time_day between :fromDate and :toDate and ( \'ALL\' in (:channel) or ts2.channel in (:channel)) and (\'ALL\' in (:transactionType) or transaction_type in (:transactionType)) group by ts2.channel,ts2.transaction_type)', 'mysql', NULL, NULL),
    (3, 'ers_transaction_failure_causes_report','support','select IFNULL(ts.channel,\'N/A\') as channel, IFNULL(sum(ts.count),0) as \'failure_transaction_count\', IFNULL(result_status,\'N/A\') as \'result_status\',IFNULL(transaction_type,\'N/A\') as \'transaction_type\' from hourly_total_transactions ts where ts.end_time_day between :fromDate and :toDate and (\'ALL\' in (:channel) or ts.channel in (:channel)) and (result_status != \'SUCCESS\') group by ts.channel, result_status order by `failure_transaction_count` DESC','mysql', NULL, NULL),
    (4, 'ers_hourly_usage_statistic_support', 'support', 'select IFNULL(end_time_day,\'N/A\') as \'end_time_day\',IFNULL(end_time_hour,\'N/A\') as \'end_time_hour\',IFNULL(channel,\'N/A\') as \'channel\',sum(count) as \'total\',sum(CASE WHEN `result_status`=\'SUCCESS\' THEN count else 0 end) as \'success_count\',sum(CASE WHEN `result_status`!=\'SUCCESS\' THEN count else 0 end) as \'failed_count\' from hourly_total_transactions where end_time_day = :fromDate and (\'ALL\' in (:channel) or channel in (:channel)) group by `end_time_day`,`end_time_hour`,`channel`', 'mysql', NULL, NULL),
    (5, 'ers_top_reseller', 'support', 'select IFNULL(resellerTypeId,\'N/A\') as \'reseller_level\',IFNULL(account_type,\'N/A\') as \'account_type\',IFNULL(resellerName,\'N/A\') as \'reseller_name\',IFNULL(resellerId,\'N/A\') as \'reseller_id\',IFNULL(resellerMSISDN,\'N/A\') as \'reseller_MSISDN\',IFNULL(region,\'N/A\') as \'region\',FORMAT(IFNULL(sum(transactionAmount),0),2) as amount,IFNULL(sum(count),0) as quantity, IFNULL(currency,\'N/A\') as currency from std_sales_trend_aggregation where aggregationDate between :fromDate and :toDate and ( \'ALL\' in (:region) or region in (:region)) and ( \'ALL\' in (:level) or resellerTypeId in (:level)) and ( \'ALL\' in (:accountType) or account_type in (:accountType)) and ( \'ALL\' in (:transactionType) or transaction_type in (:transactionType))\n group by account_type, resellerName, resellerId, resellerMSISDN,region,currency order by :sortBy desc', 'mysql', NULL, NULL),
    (6, 'ers_hourly_usage_statistics_sales', 'sales', 'select IFNULL(tab1.end_time_day,\'N/A\') as \'end_time_day\',IFNULL(tab1.end_time_hour,\'N/A\') as \'end_time_hour\',IFNULL(tab1.channel,\'N/A\') as \'channel\',IFNULL(tab1.transaction_count,0) as \'transaction_count\',FORMAT(IFNULL(tab2.transaction_amount,0),2) as \'transaction_amount\',IFNULL(tab1.currency,\'N/A\') as \'currency\'  from (select IFNULL(ts.end_time_day,\'N/A\') as end_time_day,IFNULL(ts.end_time_hour,\'N/A\') as end_time_hour ,IFNULL(ts.channel,\'N/A\') as channel, IFNULL(sum(ts.count),0) as \'transaction_count\',IFNULL(sum(ts.amount),0) as \'transaction_amount\',IFNULL(ts.currency,\'N/A\') as currency from hourly_total_transactions ts where ts.end_time_day = :Date and (\'ALL\' in (:channel) or ts.channel in (:channel)) and (\'ALL\' in (:level) or ts.sender_reseller_type in (:level)) group by ts.end_time_day,ts.end_time_hour,ts.channel, ts.currency) tab1 left join \n (select ts2.end_time_day,ts2.end_time_hour, ts2.channel, ts2.currency,IFNULL(sum(ts2.amount),0) as \'transaction_amount\' from hourly_total_transactions ts2 where ts2.result_status=\'SUCCESS\' and ts2.end_time_day = :Date and (\'ALL\' in (:channel) or ts2.channel in (:channel)) and (\'ALL\' in (:level) or ts2.sender_reseller_type in (:level)) group by ts2.end_time_day,ts2.end_time_hour, ts2.channel, ts2.currency) tab2 on tab1.end_time_day=tab2.end_time_day and tab1.end_time_hour=tab2.end_time_hour and tab1.channel=tab2.channel and tab1.currency=tab2.currency order by tab1.end_time_day,tab1.end_time_hour ASC', 'mysql', NULL, NULL),
    (7, 'ers_reseller_with_zero_balance', 'sales', 'select IFNULL(d.`reseller_type`,\'N/A\') as \'level\', IFNULL(d.`reseller_id`,\'N/A\') as \'reseller_id\', IFNULL(d.region,\'N/A\') as \'region\', IFNULL(d.`account_type_id`,\'N/A\') as \'account_type_id\', IF(l.`last_transaction_date` BETWEEN :fromDate AND :toDate, l.`last_transaction_date`, \'N/A\') as \'Last Date of Transaction\',IF(l.`last_transaction_date` BETWEEN :fromDate AND :toDate,l.`last_transaction_amount`, 0) as \'amount_of_transaction\',coalesce(d.`balance_transfer_in`,0) as \'total_credit\',IFNULL(d.`current_balance`,0) as \'balance\',IFNULL(d.`currency`,\'N/A\') as \'currency\' FROM bi.detail_balance_report_aggregation d left join `last_transaction_aggregator` l on (d.`reseller_id`=l.`reseller_id`) WHERE (d.current_balance = 0) and (\'ALL\' in (:level ) or d.`reseller_type` in (:level)) and (\'ALL\' in (:accountType) or d.`account_type_id` in (:accountType)) order by d.`reseller_id` ASC', 'mysql', NULL, NULL),
    (8, 'ers_purchase_trend_report', 'sales', 'select IFNULL(t1.reseller_id,\'N/A\') as \'reseller_id\', IFNULL(t1.reseller_name,\'N/A\') as \'reseller_name\', IFNULL(t1.reseller_msisdn,\'N/A\') as \'reseller_msisdn\', IFNULL(t1.region,\'N/A\') as \'region\', IFNULL(t1.reseller_type_id,\'N/A\') as \'reseller_type_id\',IFNULL(t2.average_trend,0) as \'average_trend\',IFNULL(t2.last_week,0) as \'last_week\',IFNULL(ROUND(t2.last_week * 100.0 / t2.average_trend, 1),\"0\") AS \'Change%\'  from (select reseller_id as \'reseller_id\', reseller_msisdn as \'reseller_msisdn\',reseller_type_id as \'reseller_type_id\', FORMAT(SUM(IF(`aggregation_date` BETWEEN DATE_SUB(CURRENT_DATE(), INTERVAL 4 WEEK) AND CURRENT_DATE(),`amount`/4,0)),2) as \'average_trend\', FORMAT(SUM(IF(`aggregation_date` BETWEEN DATE_SUB(CURRENT_DATE(), INTERVAL 1 WEEK) AND CURRENT_DATE(),`amount`,0)),2) as \"last_week\", max(`aggregation_date`) as \"max_created\" from receiver_wise_credit_transfer_summary Group By reseller_id) as t2 join receiver_wise_credit_transfer_summary t1 on t2.reseller_id = t1.reseller_id and t2.max_created = t1.aggregation_date where  (\'ALL\' in (:resellerType) or t1.reseller_type_id in (:resellerType)) and Round(t2.last_week * 100.0 / t2.average_trend, 1) > :change GROUP  BY reseller_id order by `Change%`', 'mysql', NULL, NULL),
    (9, 'ers_sales_trend_report', 'sales', 'select IFNULL(t1.resellerId,\'N/A\') as \'reseller_id\',IFNULL(t1.resellerName,\'N/A\') as \'reseller_name\',IFNULL(t1.resellerMSISDN,\'N/A\') AS \'reseller_msisdn\',IFNULL(t1.region,\'N/A\') AS \'region\',IFNULL(t1.resellerTypeId,\'N/A\') AS \'reseller_type_id\',IFNULL(t2.average_trend,0) as \'average trend\',IFNULL(t2.last_week,0) as \'last_week\', IFNULL(Round(t2.last_week * 100.0 / t2.average_trend, 1),\'0\') AS \'Change%\'  from (select resellerId as \"reseller_id\",resellerMSISDN as \"reseller_msisdn\" ,resellerTypeId as \"reseller_type_id\",FORMAT(SUM(IF(`aggregationDate` BETWEEN DATE_SUB(CURRENT_DATE(), INTERVAL 4 WEEK) AND CURRENT_DATE(),`transactionAmount`/4,0)),2) as \"average_trend\", FORMAT(SUM(IF(`aggregationDate` BETWEEN DATE_SUB(CURRENT_DATE(), INTERVAL 1 WEEK) AND CURRENT_DATE(),`transactionAmount`,0)),2) as \"last_week\", max(`aggregationDate`) as \"max_created\" from std_sales_trend_aggregation Group By resellerId) as t2 join std_sales_trend_aggregation t1 on t2.reseller_id = t1.resellerId and t2.max_created = t1.aggregationDate where (\'ALL\' in (:resellerType ) or t1.resellerTypeId in (:resellerType)) and Round(t2.last_week * 100.0 / t2.average_trend, 1) > :change GROUP  BY resellerid order by `Change%`', 'mysql', NULL, NULL),
    (10, 'reseller_performance_report', 'sales', 'select IFNULL(aggregationDate,\'N/A\') as \'aggregation_date\',IFNULL(resellerMSISDN,\'N/A\') as \'sender_msisdn\',\nIFNULL(resellerName,\'N/A\') as \'sender_name\',IF(region=\"\" or region is NULL,\'N/A\',region) as \'sender_region\',IFNULL(resellerTypeId,\'N/A\') as \'reseller_type_id\',IFNULL(transaction_type,\'N/A\') as \'transaction_type\',IFNULL(count,0) as \'transaction_count\',IFNULL(unique_receiver_count,0) as \'unique_receiver_count\',IFNULL(currency,\'N/A\') as \'currency\',IFNULL(transactionAmount,0) as \'sum_amount\' from std_sales_trend_aggregation where aggregationDate between :fromDate and :toDate and (\'ALL\' in (:transactionType) or transaction_type in (:transactionType)) and (\'ALL\' in (:resellerType) or resellerTypeId in (:resellerType)) order by `aggregation_date` ASC', 'mysql', NULL, NULL),
    (11, 'daily_transaction_per_channel_per_reseller_type', 'marketing', 'select IFNULL(end_time_day,\'N/A\') as \'end_time_day\',IFNULL(sender_region,\'N/A\') as \'region\',IFNULL(channel,\'N/A\') as \'channel\',IFNULL(sender_reseller_type,\'N/A\') as \'reseller_type\',IFNULL(sum(count),0) as \'total_count\', IFNULL(currency,0) as \'currency\', FORMAT(IFNULL(sum(amount),0),2) as \'total_amount\' from `hourly_total_transactions` where result_status=\'SUCCESS\' and end_time_day between :fromDate and :toDate and (\'ALL\' in (:channel) or channel in (:channel)) and (\'ALL\' in (:region) or sender_region in (:region)) and (\'ALL\' in (:resellerType) or sender_reseller_type in (:resellerType)) group by `end_time_day`, `channel`,`sender_reseller_type` order by end_time_day ASC', 'mysql', NULL, NULL),
    (12, 'electronic_recharge_per_day','marketing','select IFNULL(aggregation_date,\'N/A\') as \'aggregation_date\',IFNULL(channel,\'N/A\') as \'channel\',IFNULL(r2r_count,0) as \'r2r_count\', FORMAT(IFNULL(r2r_amount,0),2) as \'r2r_amount\',IFNULL( r2s_count,0) as \'r2s_count\', FORMAT(IFNULL(r2s_amount,0),2) as \'r2s_amount\', IFNULL(currency,\'N/A\') as \'currency\' from electronic_recharge where aggregation_date between :fromDate and :toDate and (\'ALL\' in (:channel) or channel in (:channel))\n order by aggregation_date ASC','mysql', NULL, NULL),
    (13, 'top_ten_low_stock_agents','marketing','select IFNULL(resellerId,\'N/A\') as \'reseller_id\', IFNULL(resellerMSISDN,\'N/A\') as \'reseller_msisdn\', IFNULL(count(resellerId),0) as \'occurences\', IFNULL(stockThreshold,0) as \'threshold\' from low_stock_alert_aggregation where aggregationDate between :fromDate and :toDate\n group by reseller_id order by \'threshold\' desc','mysql', NULL, NULL),
    (14, 'bulk_transaction','sales','{\"elasticIndex\":{\"indexName\":\"ers_revenue_tdr_\",\"isDataWeeklyIndexed\":false},\"elasticQuery\":{\"query\":{\"bool\":{\"must\":[{\"bool\":{\"must_not\":[{\"term\":{\"BulkBatchId\":{\"value\":\"\"}}}]}},{\"term\":{\"BulkBatchId\":{\"value\":\"<:batchId:>\"}}}]}},\"_source\":{\"includes\":[\"ErsReference\",\"SenderMSISDN\",\"ReceiverMSISDN\",\"EndTime\",\"TransactionAmount\",\"Currency\",\"ResultCode\",\"ResultStatus\"],\"excludes\":[]}}}','elastic', NULL, NULL),
    (15, 'total_transaction','sales','{\"elasticIndex\":{\"indexName\":\"ers_revenue_tdr_\",\"isDataWeeklyIndexed\":true},\"elasticQuery\":{\"query\":{\"bool\":{\"must\":[{\"bool\":{\"should\":[{\"wildcard\":{\"SenderResellerId\":{\"value\":\"<:resellerId:>\"}}},{\"terms\":{\"SenderResellerId\":\"<-:resellerId:->\"}}]}},{\"bool\":{\"should\":[{\"wildcard\":{\"SenderResellerType\":{\"value\":\"<:senderType:>\"}}},{\"terms\":{\"SenderResellerType\":\"<-:senderType:->\"}}]}},{\"bool\":{\"should\":[{\"wildcard\":{\"TransactionProfile\":{\"value\":\"<:transactionType:>\"}}},{\"terms\":{\"TransactionProfile\":\"<-:transactionType:->\"}}]}},{\"range\":{\"EndTime\":{\"from\":\"<:fromDate:>\",\"to\":\"<:toDate:>\"}}}]}},\"_source\":{\"includes\":[\"EndTime\",\"ErsReference\",\"ClientReference\",\"SenderMSISDN\",\"SenderResellerId\",\"SenderRegion\",\"SenderBalanceValueAfter\",\"ReceiverMSISDN\",\"TransactionAmount\",\"Currency\",\"TransactionProfile\",\"ProductName\",\"ResultStatus\"],\"excludes\":[]}}}','elastic', NULL, NULL),
    (16, 'active_inactive_reseller', 'sales', 'select IFNULL(count(distinct(tag)),0) as `total`,IFNULL(t2.active,0) as \'active\', IFNULL((count(distinct(tag))-active),0) as `inactive`,IFNULL(ROUND(active*100/count(distinct(tag)),2),0) as `active%`,IFNULL(ROUND(((count(distinct(tag))-active))*100/count(distinct(tag)),2),0) as `inactive%` from Refill.commission_receivers  cross join (select count(distinct(resellerId)) as `active` from std_sales_trend_aggregation where aggregationDate between :fromDate and :toDate and (\'ALL\' in (:transactionType)  or transaction_type in (:transactionType)))t2 where status=0', 'mysql', NULL, NULL),
    (17, 'balance_report_agent_portal','reseller','select IFNULL(now(),\'N/A\') as \'date_time\',reseller_id as \'reseller_id\',IFNULL(reseller_name,\'N/A\') as \'reseller_name\',IFNULL(msisdn,\'N/A\') as \'msdisdn\',IFNULL(reseller_parent,\'N/A\') as \'reseller_parent\',IFNULL(reseller_status,\'N/A\') as \'reseller_status\',IFNULL(reseller_type,\'N/A\') as \'reseller_type\' , IFNULL(currency,\'N/A\') as \'currency\', FORMAT(IFNULL(current_balance,\'N/A\'),2) as \'current_balance\' from detail_balance_report_aggregation where (\'ALL\' in (:resellerType) or reseller_type in (:resellerType)) and (reseller_path like CONCAT(\'%\', :resellerId , \'%\') OR  \'All\'= :resellerId) UNION select \'\' as test1,\'Total Float\',IFNULL(sum(current_balance),\'N/A\'),\'Currency\',IFNULL(currency,\'N/A\'),\'DateTime\',IFNULL(now(),\'N/A\') as \'date_time\',\'\' as test2,\'\' as test3 from detail_balance_report_aggregation where (\'ALL\' in (:resellerType) or reseller_type in (:resellerType)) and (reseller_path like CONCAT(\'%\', :resellerId , \'%\') OR  \'All\'= :resellerId)','mysql', NULL, NULL),
    (18, 'transaction_summary_agent_portal', 'reseller', 'SELECT * FROM(SELECT ifnull(s.resellerid,\'N/A\') AS reseller_id, ifnull(s.resellermsisdn,\'N/A\') AS reseller_msisdn, ifnull(s.resellertypeid,\'N/A\') AS reseller_type, ifnull(s.transaction_type,\'N/A\') AS transaction_type, ifnull(d .current_balance,\'N/A\') as current_balance, ifnull(d.reseller_parent,\'N/A\') as reseller_parent, ifnull(SUM(s.count),0) AS transaction_count, IFNULL(s.currency,\'N/A\') as \'currency\', FORMAT(ifnull(SUM(s.transactionamount),0),2) AS transaction_amount, ifnull(s.reseller_path,\'N/A\') AS reseller_path FROM std_sales_trend_aggregation s left join detail_balance_report_aggregation d ON ( s.resellerid = d.reseller_id and s.`account_type`=d.`account_type_id`) WHERE aggregationdate BETWEEN :fromDate AND :toDate AND ( ( \'ALL\' IN ( :resellerId ) OR s.resellerid IN ( :resellerId ) ) OR ( \'ALL\' IN ( :resellerId ) OR d.reseller_parent IN ( :resellerId ) ) ) AND ( \'ALL\' IN( :transactionType ) OR s.transaction_type IN ( :transactionType ) ) GROUP BY s.resellerid, s.transaction_type ORDER BY s.resellerid) AS tb1 WHERE tb1.reseller_path LIKE Concat(\'%\', :resellerId, \'%\') OR \'All\' IN ( :resellerId ) UNION SELECT  \'Currency\',IFNULL(tb2.currency,\'N/A\'),\'TotalTransactionCount\',ifnull(SUM(tb2.transaction_count),0),\'TotalTransactionAmount\',  ifnull(SUM(tb2.transaction_amount),0) ,\'Total Float\',ifnull(sum(distinct(tb2.current_balance)),\'N/A\'),\'\' as test1,\'\' as test2  FROM(SELECT ifnull(s.resellerid,\'N/A\') AS reseller_id, ifnull(s.resellermsisdn,\'N/A\') AS reseller_msisdn, ifnull(s.resellertypeid,\'N/A\') AS reseller_type, ifnull(s.transaction_type,\'N/A\') AS transaction_type, ifnull(d .current_balance,\'N/A\') as current_balance, ifnull(d.reseller_parent,\'N/A\') as reseller_parent, ifnull(SUM(s.count),0) AS transaction_count, IFNULL(s.currency,\'N/A\') as \'currency\', ifnull(SUM(s.transactionamount),0) AS transaction_amount, ifnull(s.reseller_path,\'N/A\') AS reseller_path FROM std_sales_trend_aggregation s left join detail_balance_report_aggregation d ON ( s.resellerid = d.reseller_id and s.`account_type`=d.`account_type_id`) WHERE aggregationdate BETWEEN :fromDate AND :toDate AND ( ( \'ALL\' IN ( :resellerId ) OR s.resellerid IN ( :resellerId ) ) OR ( \'ALL\' IN ( :resellerId ) OR d.reseller_parent IN ( :resellerId ) ) ) AND ( \'ALL\' IN( :transactionType ) OR s.transaction_type IN ( :transactionType ) ) GROUP BY s.resellerid ORDER BY s.resellerid) AS tb2 WHERE tb2.reseller_path LIKE Concat(\'%\', :resellerId, \'%\') OR \'All\' IN ( :resellerId )', 'mysql', NULL, NULL),
    (19, 'ers_dormant_reseller', 'sales', 'select t1.reseller_id,IF(t1.region=\"\" or t1.region is NULL,\'N/A\',t1.region) as \'region\',t1.msisdn,t1.reseller_type,IFNULL(Date(t1.last_transaction_date),\'N/A\') as \'last_transaction_date\',IFNULL(t1.balance_transfer_in,0) as \'total_credit_since_activation\' , FORMAT(IFNULL(t1.current_balance,0),2) as \'current_balance\',IFNULL(t1.currency,\'N/A\') as \'currency\',t1.account_type_id,IFNULL(t2.receiver_msisdn,\'N/A\') as \'receiver_msisdn\',IFNULL(t2.last_transaction_type,\'N/A\') as \'last_transaction_type\' from bi.detail_balance_report_aggregation t1 left join bi.last_transaction_aggregator t2 on t1.reseller_id = t2.reseller_id and t1.account_type_id=t2.account_id where t1.id not in (select id from bi.detail_balance_report_aggregation where  last_transaction_date between :fromDate and current_date()) and (\'ALL\' in (:accountTypeId) or t1.account_type_id in (:accountTypeId)) and (\'ALL\' in (:resellerId) or t1.reseller_id in (:resellerId)) and (\'ALL\' in (:resellerType) or t1.reseller_type in (:resellerType)) and t1.account_type_id = \"RESELLER\" order by t1.reseller_id', 'mysql', NULL, NULL),
    (20, 'total_transaction_agent','sales','{\"elasticIndex\":{\"indexName\":\"ers_revenue_tdr_\",\"isDataWeeklyIndexed\":true},\"elasticQuery\":{\"query\":{\"bool\":{\"must\":[{\"bool\":{\"should\":[{\"wildcard\":{\"SenderResellerId\":{\"value\":\"<:resellerId:>\"}}},{\"terms\":{\"SenderResellerId\":\"<-:resellerId:->\"}},{\"wildcard\":{\"SenderResellerPath\":{\"value\":\"*<:resellerId:>*\"}}}]}},{\"bool\":{\"should\":[{\"wildcard\":{\"SenderResellerType\":{\"value\":\"<:senderType:>\"}}},{\"terms\":{\"SenderResellerType\":\"<-:senderType:->\"}}]}},{\"bool\":{\"should\":[{\"wildcard\":{\"TransactionProfile\":{\"value\":\"<:transactionType:>\"}}},{\"terms\":{\"TransactionProfile\":\"<-:transactionType:->\"}}]}},{\"bool\":{\"should\":[{\"wildcard\":{\"SenderMSISDN\":{\"value\":\"<:senderMsisdn:>\"}}},{\"terms\":{\"SenderMSISDN\":\"<-:senderMsisdn:->\"}}]}},{\"range\":{\"EndTime\":{\"from\":\"<:fromDate:>\",\"to\":\"<:toDate:>\"}}}]}},\"_source\":{\"includes\":[\"EndTime\",\"ErsReference\",\"ClientReference\",\"SenderMSISDN\",\"SenderResellerId\",\"SenderRegion\",\"SenderBalanceValueAfter\",\"ReceiverMSISDN\",\"TransactionAmount\",\"Currency\",\"TransactionProfile\",\"ProductName\",\"ResultStatus\"],\"excludes\":[]}}}','elastic', NULL, NULL),
    (21, 'reseller_balance_report','reseller','select IFNULL(now(),\'N/A\') as \'date_time\', reseller_id as \'reseller_id\', IFNULL(reseller_name,\'N/A\') as \'reseller_name\',IFNULL(msisdn,\'N/A\') as \'msdisdn\', IFNULL(account_type_id,\'N/A\') as \'account_type\', \nIFNULL(region,\'N/A\') as \'region\',IFNULL(reseller_parent,\'N/A\') as \'reseller_parent\', IFNULL(reseller_status,\'N/A\') as \'reseller_status\',IFNULL(reseller_type,\'N/A\') as \'reseller_type\',  FORMAT(IFNULL(current_balance,\'N/A\'),2) as \'current_balance\'  from detail_balance_report_aggregation where (\'ALL\' in (:resellerType) or reseller_type in (:resellerType)) and (\'All\' in  (:resellerId) or reseller_id in (:resellerId)) and  ( \'ALL\' in (:region) or region in (:region)) and (\'ALL\' in  (:accountType) or account_type_id in (:accountType))','mysql', NULL, NULL),
    (22, 'hourly_usage_non_monetory_statistics_support', 'support', 'select IFNULL(end_time_day,\'N/A\') as \'end_time_day\',IFNULL(end_time_hour,\'N/A\') as \'end_time_hour\',IFNULL(channel,\'N/A\') as \'channel\',sum(count) as \'total\',sum(CASE WHEN `result_status`=\'SUCCESS\' THEN count else 0 end) as \'success_count\',sum(CASE WHEN `result_status`!=\'SUCCESS\' THEN count else 0 end) as \'failed_count\' from non_monetory_hourly_total_transactions where end_time_day = :Date and (\'ALL\' in (:channel) or channel in (:channel)) group by `end_time_day`,`end_time_hour`,`channel`', 'mysql', NULL, NULL),
    (23, 'region_based_reseller_account_statement','reseller','select IFNULL(b.reseller_id,\'N/A\') as reseller_id,IFNULL(b.reseller_name,\'N/A\') as \'reseller_name\',IFNULL(b.reseller_type,\'N/A\') as \'reseller_type\',IFNULL(b.account_type_id,\'N/A\') as \'account_type_id\' ,FORMAT(IFNULL(current_balance,0),2) as \'current_balance\',(select IFNULL(sum(s.transactionAmount),0)  from std_sales_trend_aggregation s  where b.reseller_id=s.resellerId and b.account_type_id=s.account_type and s.aggregationDate between :fromDate and :toDate) as \'transfer_out\' ,(select IFNULL(sum(r.amount),0)  from receiver_wise_credit_transfer_summary r where b.reseller_id=r.reseller_id and b.account_type_id=r.receiver_account_type and  r.aggregation_Date between :fromDate and :toDate) as \'transfer_in\' ,IFNULL(b.region,\'N/A\') as \'region\',IFNULL(b.currency,\'N/A\') as \'currency\' ,IFNULL(balancebefore,\'N/A\') as \'opening_balance\'  from detail_balance_report_aggregation b left join region_reseller_account_statement_daily_balance_aggregation ag on b.reseller_id=ag.resellerid and b.account_type_id=ag.accountTypeId and aggregationDate = :fromDate where (\'ALL\' in (:resellerType) or b.reseller_type in (:resellerType)) and (\'ALL\' in (:resellerId) or b.reseller_id in (:resellerId)) and (\'ALL\' in (:region) or b.region in (:region)) group by b.reseller_id,b.reseller_name,b.reseller_type,b.account_type_id order by b.reseller_id,b.reseller_type','mysql', NULL, NULL),
    (24, 'commission_payout','sales','select IFNULL(now(),\'N/A\') as \'today\', reseller_id as \'agent_id\',reseller_name as \'agent_name\',partner_name , IFNULL(max(previous_banked_date),\'N/A\') as \'previous_bank_date\',IFNULL(max(current_banked_date),\'N/A\') as \'current_bank_date\' ,FORMAT(IFNULL(sales_amount,0),2) as \'sales_amount\', FORMAT(IFNULL(banked_amount,0),2) as \'banked_amount\', FORMAT(IFNULL(pending_amount,0),2) as \'pending_amount\', FORMAT(IFNULL(accumulated_commission,0),2) as \'accumulated_commission\' , FORMAT(IFNULL(receivable_commission,0),2) as \'receivable_commission\', FORMAT(IFNULL(withheld_commission,0),2) as \'withheld_commission\', IFNULL(banking_code,\'N/A\') as banking_code from commission_pay_out_aggregator group by reseller_id','mysql', NULL, NULL),
    (25, 'commission_payout_agent_portal','reseller','select IFNULL(now(), \'NA\') as \'today\', table1.reseller_id as \'agent_id\', table1.reseller_name as \'agent_name\', table1.partner_name, IFNULL(max(table1.current_banked_date), \'NA\') as \'current_bank_date\', FORMAT(IFNULL(sum(table1.banked_amount) , 0),2) as \'banked_amount\', FORMAT(IFNULL(sum(table1.accumulated_commission), 0),2) as \'accumulated_commission\', FORMAT(IFNULL(c.withheld_commission, 0),2) as \'withheld_commission\', FORMAT(IFNULL(c.pending_amount, 0),2) as \'pending_amount\' from ( select * from commission_pay_out_aggregator where current_banked_date between :fromDate and :toDate and (\'ALL\' in (:resellerMsisdn) or reseller_msisdn in (:resellerMsisdn)) and ( reseller_id IN ( :resellerId ) or reseller_id in ( select distinct (reseller_id) from detail_balance_report_aggregation where reseller_path LIKE Concat(\'%\', :resellerId, \'%\') ) ) ) as table1 inner join ( select max_date, a.reseller_id, withheld_commission, `pending_amount` from commission_pay_out_aggregator co inner join ( select max(current_banked_date) as max_date, `reseller_id` from commission_pay_out_aggregator where (\'ALL\' in (:resellerMsisdn) or reseller_msisdn in (:resellerMsisdn)) and reseller_id IN ( :resellerId ) or reseller_id in ( select distinct (reseller_id) from detail_balance_report_aggregation where reseller_path LIKE Concat(\'%\', :resellerId, \'%\') ) group by reseller_id ) as a on a.reseller_id = co.reseller_id and co.current_banked_date = a.max_date ) c on table1.reseller_id = c.reseller_id group by table1.reseller_id ','mysql', NULL, NULL),
    (26, 'top_subscribers_report', 'support', 'select IFNULL(subscriber_msisdn,\'N/A\')  as \'Subscriber MSISDN\',FORMAT(SUM(transaction_amount),2) as \'Amount\',SUM(count) as \'Quantity\'  from subscribers_aggregation where transaction_date between  :fromDate and :toDate and transaction_profile!=\'REVERSE_TOPUP\' group by subscriber_msisdn order by SUM(transaction_amount) desc,SUM(count) desc', 'mysql', NULL, NULL),
    (27, 'reverse_transaction','reseller','{\"elasticIndex\":{\"indexName\":\"ers_revenue_tdr_\",\"isDataWeeklyIndexed\":true},\"elasticQuery\":{\"query\":{\"bool\":{\"must\":[{\"match\":{\"ResultStatus\":{\"query\":\"SUCCESS\"}}},{\"bool\":{\"should\":[{\"match\":{\"TransactionProfile\":{\"query\":\"REVERSE_TOPUP\"}}},{\"match\":{\"TransactionProfile\":{\"query\":\"REVERSE_CREDIT_TRANSFER\"}}}],\"boost\":1}},{\"range\":{\"EndTime\":{\"from\":\"<:fromDate:>\",\"to\":\"<:toDate:>\",\"include_lower\":true,\"include_upper\":true}}}]}},\"script_fields\":{\"EndTime\":{\"script\":\"doc[\'EndTime\'].value.toString(\'yyyy-MM-dd HH:mm:ss\')\"}},\"_source\":{\"includes\":[\"ErsReference\",\"referredErsReference\",\"TransactionProfile\",\"TransactionType\",\"EndTime\",\"ResultStatus\",\"TransactionAmount\",\"ReceiverMSISDN\",\"ReceiverBalanceValueBefore\",\"ReceiverBalanceValueAfter\",\"SenderMSISDN\",\"SenderBalanceValueBefore\",\"SenderBalanceValueAfter\"],\"excludes\":[]}}}','elastic', NULL, NULL),
    (28, 'manual_adjustment','finance','{\"elasticIndex\":{\"indexName\":\"ers_revenue_tdr_\",\"isDataWeeklyIndexed\":true},\"elasticQuery\":{\"query\":{\"bool\":{\"filter\":[{\"terms\":{\"ResultStatus\":[\"SUCCESS\"]}},{\"terms\":{\"TransactionType\":[\"TRANSFER\"]}},{\"terms\":{\"Channel\":[\"webadmin\"]}},{\"terms\":{\"ClientId\":[\"webadmin\"]}},{\"range\":{\"EndTime\":{\"from\":\"<:fromDate:>\",\"to\":\"<:toDate:>\"}}}]}},\"sort\":[{\"EndTime\":{\"order\":\"asc\"}}],\"_source\":{\"includes\":[\"EndTime\",\"ErsReference\",\"SenderAccountType\",\"SenderMSISDN\",\"ReceiverMSISDN\",\"TransactionAmount\",\"SenderBalanceValueBefore\",\"SenderBalanceValueAfter\",\"ReceiverBalanceValueBefore\",\"ReceiverBalanceValueAfter\",\"TransactionProfile\"],\"excludes\":[]}}}','elastic', NULL, NULL),
    (29, 'all_oms_transaction_report','sales','{"elasticIndex":{"indexName":"data_lake_","isDataWeeklyIndexed":true},"elasticQuery":{"query":{"bool":{"must":[{"bool":{"should":[{"wildcard":{"eventName":{"value":"<:transactionType:>"}}},{"terms":{"eventName.keyword":"<-:transactionType:->","boost":1}}]}},{"bool":{"should":[{"wildcard":{"user.resellerType":{"value":"<:dealerType:>"}}},{"terms":{"user.resellerType.keyword":"<-:dealerType:->","boost":1}}]}},{"bool":{"should":[{"wildcard":{"oms.seller.id":{"value":"<:dealerID:>"}}},{"terms":{"oms.seller.id.keyword":"<-:dealerID:->","boost":1}}]}},{"bool":{"should":[{"wildcard":{"oms.seller.MSISDN":{"value":"<:dealerMSISDN:>"}}},{"terms":{"oms.seller.MSISDN.keyword":"<-:dealerMSISDN:->","boost":1}}]}},{"bool":{"should":[{"wildcard":{"oms.terminalId":{"value":"<:dealerTerminalId:>"}}},{"terms":{"oms.terminalId.keyword":"<-:dealerTerminalId:->","boost":1}}]}},{"match":{"componentName":"oms"}},{"range":{"timestamp":{"from":"<:fromDate:>","to":"<:toDate:>"}}}]}},"script_fields":{"timestamp":{"script":"doc['timestamp'].value.toString('yyyy-MM-dd HH:mm:ss')"},"dealerName":{"script":"if(doc['oms.orderType.keyword'].value == 'ISO_ST') {return doc['oms.sender.id.keyword'].value} else if(doc['oms.orderType.keyword'].value == 'ISO') {return doc['oms.seller.id.keyword'].value} return 'N/A'"}},"_source":{"includes":["originalErsReference","reference","transactionNumber","oms.orderType","oms.transactionAmount","dms.area","oms.headers.clientReference","oms.buyer.MSISDN","dms.city","oms.contractId","dms.dealerId","dms.customerName","oms.csrDescription","dms.district","dms.section","oms.seller.MSISDN","dms.dealerTag","oms.terminalId","oms.receivers.id","oms.paymentAgreement","oms.paymentMode","user.resellerType","oms.items.productSku","channel","oms.orderStatus","timestamp"],"excludes":[]}}}','elastic', NULL, NULL),
    (30, 'dealer_loan_operation_report','sales','{"elasticIndex":{"indexName":"data_lake_","isDataWeeklyIndexed":true},"elasticQuery":{"query":{"bool":{"must":[{"bool":{"should":[{"wildcard":{"accountmanagementservice.ams.resellerId":{"value":"<:dealerID:>"}}},{"terms":{"accountmanagementservice.ams.resellerId.keyword":"<-:dealerID:->","boost":1}}]}},{"bool":{"should":[{"wildcard":{"accountmanagementservice.ams.resellerType":{"value":"<:dealerType:>"}}},{"terms":{"accountmanagementservice.ams.resellerType.keyword":"<-:dealerType:->","boost":1}}]}},{"match":{"resultCode":"0"}},{"match":{"eventName":"MAKE_ACCOUNT_TRANSACTION"}},{"match":{"componentName":"accountmanagementservice"}},{"range":{"timestamp":{"from":"<:fromDate:>","to":"<:toDate:>"}}}]}},"script_fields":{"timestamp":{"script":"doc[\'timestamp\'].value.toString(\'yyyy-MM-dd HH:mm:ss\')"},"user.city":{"script":"doc.containsKey(\'user.city\')?params._source.user.city:\'N/A\'"}},"_source":{"includes":["accountmanagementservice.ams.resellerId","user.resellerMSISDN","accountmanagementservice.ams.loanAmount","accountmanagementservice.ams.paymentAmount","accountmanagementservice.ams.remainingLoanAmount","accountmanagementservice.ams.loanDate","accountmanagementservice.ams.dueDate","accountmanagementservice.ams.loanFullPaymentStatus"],"excludes":[]}}}','elastic', NULL, NULL),
    (31, 'ers_reference_by_clientref', 'sales', '{"elasticIndex":{"indexName":"data_lake_","isDataWeeklyIndexed":true},"elasticQuery":{"query":{"bool":{"must":[{"bool":{"should":[{"wildcard":{"oms.headers.clientReference":{"value":"<:clientReference:>"}}},{"terms":{"oms.headers.clientReference.keyword":"<-:clientReference:->","boost":1}}]}},{"match":{"resultCode":"0"}},{"match":{"eventName":"RAISE_ORDER"}},{"match":{"componentName":"oms"}}]}},"_source":{"includes":["oms.headers.clientReference","transactionNumber"],"excludes":[]}}}', 'elastic', NULL, NULL),
    (32, 'last_transaction_report', 'sales', '{"elasticIndex":{"indexName":"data_lake_","isDataWeeklyIndexed":true},"elasticQuery":{"size":"<:size:>","sort":[{"timestamp":{"order":"desc"}}],"query":{"bool":{"must":[{"bool":{"should":[{"wildcard":{"oms.seller.id":{"value":"<:resellerId:>"}}},{"terms":{"oms.seller.id.keyword":"<-:resellerId:->","boost":1}}]}},{"match":{"resultCode":"0"}},{"match":{"eventName":"RAISE_ORDER"}},{"match":{"componentName":"oms"}}]}},"_source":{"includes":["transactionNumber","timestamp","channel","eventName","oms.sender.id","oms.sender.MSISDN","oms.transactionAmount","oms.receivers.id","oms.receivers.MSISDN"],"excludes":[]}}}', 'elastic', NULL, NULL),
    (33, 'distributor_wise_daily_sales', 'sales', 'SELECT DATE_FORMAT(daily_active_reseller_summary.date,\'%Y-%m-%d\') as sales_date,distributorId,total_reseller as total_reseller_under_dist,active_reseller as active_resellers,IFnull(email,\'N/A\') as email,total as total_dist_sales,total_sales as total_TT_sales,name as reseller_name FROM distributor_wise_daily_sales_summary JOIN daily_active_reseller_summary ON reseller_parent = distributorId AND daily_active_reseller_summary.date = distributor_wise_daily_sales_summary.date LEFT JOIN daily_total_sales_summary ON daily_active_reseller_summary.date = daily_total_sales_summary.date WHERE distributor_wise_daily_sales_summary.date BETWEEN :fromDate AND :toDate and (\'ALL\' in (:distributorId) or distributorId in (:distributorId))', 'mysql', NULL, NULL),
    (34, 'inventory_sales_search_report', 'sales', '{ "elasticIndex": { "indexName": "data_lake_", "isDataWeeklyIndexed": true }, "elasticQuery": { "query": { "bool": { "must": [ { "bool": { "should": [ { "wildcard": { "buyer.id": { "value": "<:buyerId:>" } } }, { "terms": { "buyer.id.keyword": "<-:buyerId:->", "boost": 1 } } ] } }, { "bool": { "should": [ { "wildcard": { "buyer.type": { "value": "<:buyerType:>" } } }, { "terms": { "buyer.type.keyword": "<-:buyerType:->", "boost": 1 } } ] } }, { "match": { "resultCode": "0" } }, { "match": { "eventName": "SUBSCRIBER_SALE" } }, { "range": { "timestamp": { "from": "<:fromDate:>", "to": "<:toDate:>" } } } ] } } } }', 'elastic', NULL, NULL),
    (35, 'serialized_inventory_sales_search_report', 'sales','{ "elasticIndex": { "indexName": "data_lake_", "isDataWeeklyIndexed": true }, "elasticQuery": { "query": { "bool": { "must": [ { "nested": { "path": "itemDetails", "query": { "bool": { "must": [ { "bool": { "should": [ { "wildcard": { "itemDetails.productSku": { "value": "<:productSku:>" } } }, { "terms": { "itemDetails.productSku.keyword": "<-:productSku:->" } }] } }, { "bool": { "should": [ { "wildcard": { "itemDetails.productType": { "value": "<:productType:>" } } }, { "terms": { "itemDetails.productType.keyword": "<-:productType:->" } }] } }, { "range": { "itemDetails.serials": { "gte": "<:startSerial:>", "lte": "<:endSerial:>" } } } ] } } } }, { "match": { "eventName": "SUBSCRIBER_SALE" } }, { "match": { "resultCode": "0" } }, { "range": { "timestamp": { "from": "<:fromDate:>", "to": "<:toDate:>" } } } ] } } } }', 'elastic', NULL, NULL),
    (36, 'non_serialized_inventory_sales_search_report','sales','NonSerializedInventorySearchReport','groovy', NULL, NULL),
    (37, 'reseller_inventory_api_report' ,'sales','select product_sku,stock_count from reseller_inventory_stock where ("ALL" IN (:resellerId) OR owner_id IN (:resellerId))','mysql', NULL, NULL),
    (38, 'oms_transaction_history_report_mobile', 'report', '{"elasticIndex":{"indexName":"data_lake_","isDataWeeklyIndexed":true},"elasticQuery":{"size":"<:size:>","sort":[{"@timestamp":{"order":"desc"}}],"query":{"bool":{"must":[{"bool":{"should":[{"bool":{"must":[{"match":{"oms.orderType":"ISO"}},{"bool":{"should":[{"wildcard":{"oms.seller.id":{"value":"<:dealerId:>"}}},{"terms":{"oms.seller.id.keyword":"<-:dealerId:->","boost":1}}]}},{"bool":{"should":[{"wildcard":{"oms.orderType":{"value":"<:orderType:>"}}},{"terms":{"oms.orderType.keyword":"<-:orderType:->","boost":1}}]}}]}},{"bool":{"must":[{"match":{"oms.orderType":"ISO_ST"}},{"bool":{"should":[{"wildcard":{"oms.sender.id":{"value":"<:dealerId:>"}}},{"terms":{"oms.sender.id.keyword":"<-:dealerId:->","boost":1}}]}},{"bool":{"should":[{"wildcard":{"oms.orderType":{"value":"<:orderType:>"}}},{"terms":{"oms.orderType.keyword":"<-:orderType:->","boost":1}}]}}]}},{"bool":{"must":[{"match":{"oms.orderType":"IPO"}},{"bool":{"should":[{"wildcard":{"oms.buyer.id":{"value":"<:dealerId:>"}}},{"terms":{"oms.buyer.id.keyword":"<-:dealerId:->","boost":1}}]}},{"bool":{"should":[{"wildcard":{"oms.orderType":{"value":"<:orderType:>"}}},{"terms":{"oms.orderType.keyword":"<-:orderType:->","boost":1}}]}}]}}]}},{"bool":{"should":[{"wildcard":{"oms.orderStatus":{"value":"<:orderStatus:>"}}},{"terms":{"oms.orderStatus.keyword":"<-:orderStatus:->","boost":1}}]}},{"match":{"componentName":"oms"}},{"match":{"eventName":"RAISE_ORDER"}},{"match":{"resultCode":"0"}},{"range":{"@timestamp":{"from":"<:fromDate:>","to":"<:toDate:>"}}}]}},"script_fields":{"timeStamp":{"script":"doc[\'@timestamp\'].value.toString(\'yyyy-MM-dd HH:mm:ss\')"},"orderID":{"script":"doc[\'oms.orderId.keyword\']"},"resultCode":{"script":"doc[\'resultCode.keyword\']"},"resultDescription":{"script":"doc[\'oms.orderStatus.keyword\']"},"orderType":{"script":"doc[\'oms.orderType.keyword\']"},"buyerId":{"script":"doc[\'oms.buyer.id.keyword\']"},"sellerId":{"script":"doc[\'oms.seller.id.keyword\']"},"senderId":{"script":"doc[\'oms.sender.id.keyword\']"},"receiverMSISDN":{"script":"doc.containsKey(\'receiverMSISDN\')?params._source.receiverMSISDN:\'N/A\'"},"senderMSISDN":{"script":"doc.containsKey(\'senderMSISDN\')?params._source.senderMSISDN:\'N/A\'"}},"_source":{"includes":["oms.receivers.id","oms.items.productSku","oms.items.quantity","oms.items.subscriberMSISDN"],"excludes":[]}}}', 'elastic', NULL, NULL),
    (39, 'transaction_summary_report' ,'sales','select IFNULL(cast(ts.transaction_date as date),"N/A") as "transaction_date",IFNULL(ts.dealer_type,"N/A") as "dealer_type", IFNULL(ts.productsku,"N/A") as "productSku" ,IFNULL(ts.dealer_id,"N/A") as "dealer_ID",IFNULL(ts.dealer_msisdn,"N/A") as "dealer_MSISDN",IFNULL(ts.area,"N/A") as "area",IFNULL(ts.section,"N/A") as "section",IFNULL(ts.city,"N/A") as "city",IFNULL(ts.district,"N/A") as "district",IFNULL(ts.transaction_type,"N/A") as "transaction_type",IFNULL(ts.transaction_count,"0") as "transaction_count",IFNULL(ts.sum,"0") as "sum" from total_monetary_transaction_summary ts where  (\'ALL\' in (:dealerType ) or ts.dealer_type in (:dealerType)) and (\'ALL\' in (:dealerID ) or ts.dealer_id in (:dealerID)) and (\'ALL\' in (:dealerMSISDN ) or ts.dealer_msisdn in (:dealerMSISDN)) and (\'ALL\' in (:dealerTerminalId ) or ts.dealer_epos_terminal_id in (:dealerTerminalId)) and (\'ALL\' in (:transactionType ) or ts.transaction_type in (:transactionType)) and ts.transaction_date between :fromDate and :toDate','mysql', NULL, NULL),
    (40, 'dealer_purchase_summary_report' ,'sales','select IFNULL(cast(ts.transaction_date as date),"N/A") as "transaction_date",IFNULL(ts.buyer_dealer_type,"N/A") as "buyer_dealer_type",IFNULL(ts.buyer_dealer_id,"N/A") as "buyer_dealer_ID",buyer_dealer_code,IFNULL(ts.buyer_dealer_msisdn,"N/A") as "buyer_dealer_MSISDN",IFNULL(ts.buyer_dealer_status,"N/A") as "buyer_dealer_status",IFNULL(ts.buyer_dealer_balance,"N/A") as "buyer_dealer_balance",IFNULL(ts.area,"N/A") as "area",IFNULL(ts.section,"N/A") as "section",IFNULL(ts.city,"N/A") as "city",IFNULL(ts.district,"N/A") as "district",IFNULL(ts.seller_dealer_type,"N/A") as "seller_dealer Type",IFNULL(ts.purchase_frequency,"0") as "purchase_frequency",IFNULL(ts.purchase_amount,"0") as "purchase_amount" from dealer_purchase_summary ts where  (\'ALL\' in (:dealerType ) or ts.buyer_dealer_type in (:dealerType)) and (\'ALL\' in (:dealerID) or ts.buyer_dealer_id in (:dealerID)) and ts.transaction_date between :fromDate and :toDate','mysql', NULL, NULL),
    (41, 'transaction_statistics','sales','select IFNULL(ts.channel,\'N/A\') as channel,IFNULL(ts.account_type,\'N/A\') as \'account_type\',IFNULL(ts.transaction_type,\'N/A\') as transaction_type,IFNULL(sum(ts.transaction_count),0) as  successful_transaction_count,IFNULL(ts.currency,\'N/A\') as \'currency\',IFNULL(sum(ts.sum),0) as  successful_transaction_amount from transaction_statistics_aggregator ts where ts.transaction_date between :fromDate and :toDate and (\'ALL\' in (:channel) or ts.channel in (:channel)) and (\'ALL\' in (:accountType)  or ts.account_type in (:accountType)) group by ts.channel,ts.account_type,ts.transaction_type order BY \'successful_transaction_count\' ASC','mysql', NULL, NULL),
    (42, 'transaction_failure_causes_report','sales','select IFNULL(ts.channel,\'N/A\') as channel,IFNULL(ts.transaction_profile,\'N/A\') as transaction_profile,IFNULL(ts.transaction_count,\'N/A\') as \'transaction_count\', IFNULL(ts.failure_cause,\'N/A\') as failure_cause from transaction_failure_aggregator ts where ts.transaction_date between :fromDate and :toDate AND (\'ALL\' IN (:channel) or ts.channel IN (:channel)) order BY \'transaction_profile\' ASC','mysql', NULL, NULL),
    (43, 'hourly_usage_statistics','sales','select IFNULL(ts.date,\'N/A\') as \'date\',IFNULL(ts.hour,\'N/A\') as \'hour\',IFNULL(ts.channel,\'N/A\') as \'channel\',IFNULL(ts.ttl_txn_count,\'N/A\') as \'total_transaction_count\',IFNULL(ts.successful_txn_count,\'N/A\') as \'successful_transaction_count\',IFNULL(ts.failed_txn_count,\'N/A\') as \'failed_transaction_count\' from hourly_usage_statistics ts where ts.date between :fromDate and :toDate AND (\'ALL\' IN (:channel) or ts.channel IN (:channel)) order BY \'date\',\'hour\' ASC','mysql', NULL, NULL),
    (44, 'dealer_balance_recharge_details_report' ,'sales','select DATE_FORMAT(transaction_date, "%Y-%m-%d %H:%i:%s") as transaction_date,seller_dealer_type as sellerDealerType,seller_msisdn as sellerMSISDN,seller_id as sellerDealerID,dealer_code as sellerDealerCode,seller_terminal_id as sellerTerminalID,IFNULL(buyer_reseller_type,"N/A") as "buyerDealerType",IFNULL(buyer_msisdn,"N/A") as "buyerDealerMsisdn",IFNULL(buyer_id,"N/A") as "buyerDealerId",buyer_dealer_code,IFNULL(order_id,"N/A") as "orderId",branch_name,commission_group,commission_rate,commission_amount,IFNULL(amount,"N/A") as "transactionAmount",IFNULL(seller_opening_balance,"N/A") as "seller_opening_balance", IFNULL(seller_closing_balance,"N/A") as "seller_closing_balance",IFNULL(buyer_opening_balance,"N/A") as "buyer_opening_balance",IFNULL(buyer_closing_balance,"N/A") as "buyer_closing_balance", IFNULL(payment_type,"N/A") as "paymentType",IFNULL(source,"N/A") as "sourceType",IFNULL(transaction_reference,"N/A") as "transactionReference",IFNULL(seller_name,"N/A") as "dealerName",IFNULL(area,"N/A") as "area",IFNULL(section,"N/A") as "section", IFNULL(city_province,"N/A") as "cityProvince",IFNULL(district,"N/A") as "district",IFNULL(csr_description,"N/A") as "csr_description",user_name,user_department,IFNULL(status,"N/A") as "orderStatus",IFNULL(transaction_status,"N/A") as "transaction_status" from bi.all_transaction_details where transaction_date between :fromDate and :toDate and ("ALL" in (:dealerType)  or seller_dealer_type in (:dealerType)) and ("ALL" in (:dealerId)  or seller_id in (:dealerId)) and ("ALL" in (:dealerMsisdn)  or seller_msisdn in (:dealerMsisdn)) and ("ALL" in (:dealerEposTerminalId)  or seller_terminal_id in (:dealerEposTerminalId))','mysql', NULL, NULL),
    (45, 'transaction_details_report' ,'sales','select seller_id as dealerId,dealer_code,seller_msisdn as sellerMSISDN,IFNULL(buyer_msisdn,"N/A") as "buyerMsisdn",operation_type,IFNULL(seller_opening_balance,"N/A") as "seller_opening_balance",IFNULL(seller_closing_balance,"N/A") as "seller_closing_balance",IFNULL(order_id,"N/A") as "orderId",IFNULL(amount,"N/A") as "transactionAmount",DATE_FORMAT(transaction_date, "%Y-%m-%d") as transaction_date, DATE_FORMAT(transaction_date, "%H:%i") as houre, IFNULL(receivers_id,"N/A") as "receivers_id",productsku,transaction_reference,source,status as "orderStatus",transaction_status from all_transaction_details where transaction_date between :fromDate and :toDate and ("ALL" in (:dealerId)  or seller_id in (:dealerId)) and("ALL" in (:operationType)  or operation_type in (:operationType))','mysql', NULL, NULL),
    (46, 'all_transaction_report' ,'sales','select DATE_FORMAT(transaction_date, "%Y-%m-%d %H:%i:%s") as transaction_date,seller_dealer_type,seller_id as dealerId,seller_terminal_id,seller_msisdn as sellerMSISDN,IFNULL(buyer_msisdn,"N/A") as "buyerMsisdn",operation_type,format(IFNULL(seller_opening_balance,"0"),2) as "seller_opening_balance",format(IFNULL(amount,"0"),2) as "transactionAmount",format(IFNULL(seller_closing_balance,"0"),2) as "seller_closing_balance",IFNULL(payment_type,"N/A") as "payment_type",source,IFNULL(receivers_id,"N/A") as "receivers_id",IFNULL(buyer_dealer_code,"N/A") as "buyer_dealer_code",transaction_reference,IFNULL(seller_name,"N/A") as "dealerName",IFNULL(area,"N/A") as "area",IFNULL(section,"N/A") as "section",IFNULL(city_province,"N/A") as "city_province", IFNULL(district,"N/A") as "district", IFNULL(tag,"N/A") as "tag",IFNULL(csr_description,"N/A") as "csr_description",  IFNULL(reqseq,"N/A") as "reqseq",IFNULL(rnn,"N/A") as "rrn", IFNULL(productsku,"N/A") as "productsku", IFNULL(user_name,"N/A") as "csr_name",IFNULL(user_department,"N/A") as "user_department", IFNULL(status,"N/A") as "orderStatus",IFNULL(dealer_code,"N/A") as "dealerCode",IFNULL(auth_code,"N/A") as "auth_code",IFNULL(transaction_status,"N/A") as "transaction_status",IFNULL(order_id,"N/A") as "orderId",IFNULL(commission_group,"0") as "commission_group",format(IFNULL(commission_rate,"0"),2) as "commission_rate",format(IFNULL(commission_amount,"0"),2) as "commission_amount",IFNULL(bill_id,"N/A") as "bill_id" from all_transaction_details where transaction_date between :fromDate and :toDate and ("ALL" in (:operationType)  or operation_type in (:operationType)) and (("ALL" in (:dealerType)  or seller_dealer_type in (:dealerType)) and ("ALL" in (:dealerId) or seller_id in (:dealerId)) and ("ALL" in (:dealerMsisdn)  or seller_msisdn in (:dealerMsisdn)) and ("ALL" in (:terminalId)  or seller_terminal_id in (:terminalId)))','mysql', NULL, NULL),
    (47, 'hourly_cdr_usage_report' ,'sales','select IFNULL(ts.date,"N/A") as "date",IFNULL(ts.hour,"N/A") as "hours",IFNULL(ts.dealer_id,"N/A") as "dealer_ID",IFNULL(ts.dealer_type,"N/A") as "dealer_type",IFNULL(ts.dealer_msisdn,"N/A") as "dealer_MSISDN",IFNULL(ts.dealer_city,"N/A") as "city",IFNULL(ts.dealer_district,"N/A") as "district",IFNULL(ts.section,"N/A") as "section",IFNULL(ts.cdr_usage_count,"N/A") as "no_of_transactions" from hourly_cdr_usage_statistics_aggregation ts where ts.date between :fromDate and :toDate and ("ALL" in (:dealerID ) or ts.dealer_id in (:dealerID)) and ("ALL" in (:dealerMSISDN ) or ts.dealer_msisdn in (:dealerMSISDN)) and ("ALL" in (:dealerTerminalId ) or ts.dealer_epos_terminal_id in (:dealerTerminalId))','mysql', NULL, NULL),
    (48, 'top_dealer_transaction' ,'sales','select IFNULL(seller_dealer_type,"N/A") as "sellerDealerType",IFNULL(senderAccountType,"N/A") as "AccountType",IFNULL(seller_name,"N/A") as "dealerName",IFNULL(seller_msisdn,"N/A") as "dealerMsisdn",IFNULL(sum(quantity),0) as "quantity",IFNULL(sum(amount),0) as "amount",IFNULL(seller_id,"N/A") as "dealerId",IFNULL(currency,"N/A") as currency from all_transaction_details where transaction_date between :fromDate and :toDate and ( "ALL" in (:sellerDealerType) or seller_dealer_type in (:sellerDealerType)) and ("ALL" in (:accountType) or senderAccountType in (:accountType)) group by sellerDealerType,AccountType, dealerName, dealerId  order by case when :sortBy=\'amount\' then IFNULL(sum(amount),0)  ELSE IFNULL(sum(quantity),0) end DESC','mysql', NULL, NULL),
    (49, 'purchase_trend_report' ,'sales','select IFNULL(t1.dealer_id,"N/A") as "dealer_id",dealer_code,IFNULL(average_trend,0) as "average trend",IFNULL(last_week,0) as "last_week",IFNULL(reseller_msisdn,"N/A") as "reseller_msisdn",IFNULL(t1.seller_reseller_type,"N/A") as "reseller_type",IFNULL(t1.dealer_name,"N/A") as "dealer_name",IFNULL(Round(t2.last_week * 100.0 / t2.average_trend, 1),\'0\') AS "change%" from (select dealer_id as "dealer_id",dealer_msisdn as "reseller_msisdn",seller_reseller_type as "reseller_type",SUM(IF(`aggregation_date` BETWEEN DATE_SUB(CURRENT_DATE(), INTERVAL 4 WEEK) AND CURRENT_DATE(),`quantity`/4,0)) as "average_trend",SUM(IF(`aggregation_date` BETWEEN DATE_SUB(CURRENT_DATE(), INTERVAL 1 WEEK) AND CURRENT_DATE(),`quantity`,0)) as "last_week",max(`aggregation_date`) as "max_created" from buyer_wise_purchase_summary Group By dealer_id) as t2 join buyer_wise_purchase_summary t1 on t2.dealer_id = t1.dealer_id and t2.max_created = t1.aggregation_date where (\'ALL\' in (:dealerType ) or t1.seller_reseller_type in (:dealerType)) and Round(t2.last_week * 100.0 /t2.average_trend, 1) > :deviationThreshold Group By t1.dealer_id order by `change%`','mysql', NULL, NULL),
    (50, 'sales_trend_report' ,'sales','select IFNULL(t1.dealer_id,"N/A") as "dealer_id",dealer_code,IFNULL(average_trend,0) as "average trend",IFNULL(last_week,0) as "last_week",IFNULL(reseller_msisdn,"N/A") as "reseller_msisdn",IFNULL(t1.buyer_reseller_type,"N/A") as "reseller_type",IFNULL(t1.dealer_name,"N/A") as "dealer_name",IFNULL(Round(t2.last_week * 100.0 / t2.average_trend, 1),\'0\') AS "change%" from (select dealer_id as "dealer_id",dealer_msisdn as "reseller_msisdn",buyer_reseller_type as "reseller_type",SUM(IF(`aggregation_date` BETWEEN DATE_SUB(CURRENT_DATE(), INTERVAL 4 WEEK) AND CURRENT_DATE(),`quantity`/4,0)) as "average_trend",SUM(IF(`aggregation_date` BETWEEN DATE_SUB(CURRENT_DATE(), INTERVAL 1 WEEK) AND CURRENT_DATE(),`quantity`,0)) as "last_week",max(`aggregation_date`) as "max_created" from seller_wise_sales_summary Group By dealer_id) as t2 join seller_wise_sales_summary t1 on t2.dealer_id = t1.dealer_id and t2.max_created = t1.aggregation_date where (\'ALL\' in (:dealerType ) or t1.buyer_reseller_type in (:dealerType)) and Round(t2.last_week * 100.0 /t2.average_trend, 1) > :deviationThreshold Group By t1.dealer_id order by `change%`','mysql', NULL, NULL),
    (51, 'all_failed_transaction','sales','select order_id,transactionReference,resultCode,resultMesage,channel,user_name,clientComment,transaction_date,sender_msisdn,dealer_code,seller_terminal_id,buyer_msisdn,productsku,amount,commission_rate,commission_amount,auth_code,user_id from all_failure_transactions where transaction_date between :fromDate and :toDate AND ("ALL" IN (:channel) or channel IN (:channel))','mysql', NULL, NULL);

TRUNCATE `report_metadata`;
INSERT INTO `report_metadata` (`report_id`, `name`, `type`, `default_value`, `values`, `reg_ex`, `extra_field_1`, `extra_field_2`)
VALUES
	('1','fromDate', 'date', NULL, NULL, NULL, NULL, NULL),
	('1','toDate', 'date', NULL, NULL, NULL, NULL, NULL),
	('1','accountType', 'select', 'ALL', 'ALL,RESELLER', NULL, NULL, NULL),
	('1','channel', 'select', 'ALL', 'ALL,USSD,WEBSERVICE,webadmin,WEB', NULL, NULL, NULL),
	('1','transactionType', 'select', 'ALL', 'ALL,TOPUP,TRANSFER,CREDIT_TRANSFER', NULL, NULL, NULL),
	('2','fromDate', 'date', NULL, NULL, NULL, NULL, NULL),
	('2','toDate', 'date', NULL, NULL, NULL, NULL, NULL),
	('2','channel', 'select', 'ALL', 'ALL,USSD,WEBSERVICE,webadmin,WEB', NULL, NULL, NULL),
	('2','transactionType', 'select', 'ALL', 'ALL,TOPUP,TRANSFER,CREDIT_TRANSFER', NULL, NULL, NULL),
	('3','fromDate', 'date', NULL, NULL, NULL, NULL, NULL),
	('3','toDate', 'date', NULL, NULL, NULL, NULL, NULL),
	('3','channel', 'select', 'ALL', 'ALL,USSD,WEBSERVICE,webadmin,WEB', NULL, NULL, NULL),
	('4','fromDate', 'date', NULL, NULL, NULL, NULL, NULL),
	('4','channel', 'select', 'ALL', 'ALL,USSD,WEBSERVICE,webadmin,WEB', NULL, NULL, NULL),
	('5','fromDate', 'date', NULL, NULL, NULL, NULL, NULL),
	('5','toDate', 'date', NULL, NULL, NULL, NULL, NULL),
	('5','level', 'select', 'ALL', 'ALL,distributor,subdistributor', NULL, NULL, NULL),
	('5','region', 'select', 'ALL', 'ALL', NULL, NULL, NULL),
	('5', 'accountType', 'select', 'ALL', 'ALL,RESELLER', NULL, NULL, NULL),
	('5','sortBy', 'select', 'amount', 'amount,quantity', NULL, 'sort', NULL),
	('5', 'transactionType', 'select', 'ALL', 'ALL,TOPUP,TRANSFER', NULL, NULL, NULL),
	('6','Date', 'date', NULL, '', NULL, NULL, NULL),
	('6','channel', 'select', 'ALL', 'ALL,USSD,WEBSERVICE,webadmin,WEB', NULL, NULL, NULL),
	('6', 'level', 'select', 'ALL', 'ALL,distributor,subdistributor', NULL, NULL, NULL),
	('7','fromDate', 'date', NULL, NULL, NULL, NULL, NULL),
	('7','toDate', 'date', NULL, NULL, NULL, NULL, NULL),
	('7','accountType', 'select', 'ALL', 'ALL,RESELLER', NULL, NULL, NULL),
	('7','level', 'select', 'ALL', 'ALL,distributor,subdistributor', NULL, NULL, NULL),
	('8','resellerType', 'select', 'ALL', 'ALL,RESELLER', NULL, NULL, NULL),
	('8','change', 'text', '0', NULL, NULL, NULL, NULL),
	('9','resellerType', 'select', 'ALL', 'ALL,RESELLER', NULL, NULL, NULL),
	('9','change', 'text', '0', NULL, NULL, NULL, NULL),
	('10','fromDate', 'date', NULL, NULL, NULL, NULL, NULL),
	('10','toDate', 'date', NULL, NULL, NULL, NULL, NULL),
	('10','transactionType', 'select', 'ALL', 'ALL,RESELLER_ACTIVATE,TOPUP,CREDIT_TRANSFER,VOUCHER_OVER_SMS,ACTIVATE_SERVICE,REVERSE_CREDIT_TRANSFER,LAST_TRANSACTIONS,REPORT', NULL, NULL, NULL),
	('10','resellerType', 'select', 'ALL', 'ALL,RESELLER', NULL, NULL, NULL),
	('11','fromDate', 'date', NULL, NULL, NULL, NULL, NULL),
	('11','toDate', 'date', NULL, NULL, NULL, NULL, NULL),
	('11','channel', 'select', 'ALL', 'ALL,USSD,WEBSERVICE,webadmin,WEB', NULL, NULL, NULL),
	('11','region', 'select', 'ALL', 'ALL', NULL, NULL, NULL),
	('11','resellerType', 'select', 'ALL', 'ALL,RESELLER', NULL, NULL, NULL),
	('12','fromDate', 'date', NULL, NULL, NULL, NULL, NULL),
	('12','toDate', 'date', NULL, NULL, NULL, NULL, NULL),
	('12','channel', 'select', 'ALL', 'ALL,USSD,WEBSERVICE,webadmin,WEB', NULL, NULL, NULL),
	('13','fromDate', 'date', NULL, NULL, NULL, NULL, NULL),
	('13','toDate', 'date', NULL, NULL, NULL, NULL, NULL),
	('14','batchId','text',NULL,NULL,NULL,NULL,NULL),
	('15','fromDate','date',NULL,NULL,NULL,NULL,NULL),
	('15','toDate','date',NULL,NULL,NULL,NULL,NULL),
	('15','resellerId','text',NULL,NULL,NULL,NULL,NULL),
	('15','senderType','select','ALL','ALL,distributor,subdistributor',NULL,NULL,NULL),
	('15','transactionType','select','ALL','ALL,TOPUP,CREDIT_TRANSFER',NULL,NULL,NULL),
	('16','fromDate','date',NULL,NULL,NULL,NULL,NULL),
	('16','toDate','date',NULL,NULL,NULL,NULL,NULL),
	('16', 'transactionType', 'select', 'TOPUP', 'ALL,TOPUP,CREDIT_TRANSFER', NULL, NULL, NULL),
	('17', 'resellerType', 'select', 'ALL', 'ALL,distributor,subdistributor', NULL, NULL, NULL),
	('17', 'resellerId', 'text', 'param', NULL, NULL, NULL, NULL),
	('18', 'fromDate', 'date', '', NULL, NULL, NULL, NULL),
	('18', 'toDate', 'date', '', NULL, NULL, NULL, NULL),
	('18', 'resellerId', 'text', 'param', NULL, NULL, NULL, NULL),
	('18', 'transactionType', 'select', 'ALL', 'ALL,TOPUP,CREDIT_TRANSFER', NULL, NULL, NULL),
	('19', 'fromDate', 'date', '', NULL, NULL, NULL, NULL),
 	('19', 'accountTypeId','select','ALL','ALL,RESELLER',NULL,NULL,NULL),
	('19', 'resellerId','text','ALL','',NULL,NULL,NULL),
    ('19', 'resellerType','select','ALL','ALL,RESELLER',NULL,NULL,NULL),
	('20', 'fromDate', 'date', NULL, NULL, NULL, NULL, NULL),
	('20', 'toDate', 'date', NULL, NULL, NULL, NULL, NULL),
	('20', 'resellerId', 'text', 'param', NULL, NULL, NULL, NULL),
	('20', 'senderType', 'select', 'ALL', 'ALL,distributor,subdistributor', NULL, NULL, NULL),
	('20', 'transactionType', 'select', 'ALL', 'ALL,TOPUP,CREDIT_TRANSFER', NULL, NULL, NULL),
	('20', 'senderMsisdn', 'text', 'ALL',  NULL, NULL, NULL, NULL),
	('21', 'resellerId', 'text', 'ALL', NULL, NULL, NULL, NULL),
	('21', 'resellerType', 'select', 'ALL', 'ALL,RESELLER', NULL, NULL, NULL),
	('21', 'region', 'select', 'ALL', 'ALL', NULL, NULL, NULL),
    ('21', 'accountType','select','ALL','ALL,RESELLER',NULL,NULL,NULL),
    ('22', 'Date', 'date', NULL, NULL, NULL, NULL, NULL),
    ('22', 'channel', 'select', 'ALL', 'ALL,USSD,WEBSERVICE,webadmin,WEB', NULL, NULL, NULL),
    ('23', 'fromDate','date',NULL,NULL,NULL,NULL,NULL),
    ('23', 'toDate','date',NULL,NULL,NULL,NULL,NULL),
    ('23', 'region','select','ALL','ALL',NULL,NULL,NULL),
    ('23', 'resellerType','select','ALL','ALL,RESELLER',NULL,NULL,NULL),
	('23', 'resellerId','text','ALL',NULL,NULL,NULL,NULL),
	('25', 'resellerId', 'text', 'param', NULL, NULL, NULL, NULL),
    ('25','fromDate','date',NULL,NULL,NULL,NULL,NULL),
	('25','toDate','date',NULL,NULL,NULL,NULL,NULL),
	('25','resellerMsisdn','text','ALL',NULL,NULL,NULL,NULL),
    ('26','fromDate','date',NULL,NULL,NULL,NULL,NULL),
    ('26','toDate','date',NULL,NULL,NULL,NULL,NULL),
    ('27','fromDate','date',NULL,NULL,NULL,NULL,NULL),
    ('27','toDate','date',NULL,NULL,NULL,NULL,NULL),
    ('28','fromDate','date',NULL,NULL,NULL,NULL,NULL),
    ('28','toDate','date',NULL,NULL,NULL,NULL,NULL),
    ('29', 'fromDate', 'date', NULL, NULL, NULL, NULL, NULL),
    ('29', 'toDate', 'date', NULL, NULL, NULL, NULL, NULL),
    ('29', 'transactionType', 'text', 'ALL', NULL, NULL, NULL, NULL),
    ('29', 'dealerType', 'text', 'ALL', NULL, NULL, NULL, NULL),
    ('29', 'dealerID', 'text', 'ALL', NULL, NULL, NULL, NULL),
    ('29', 'dealerMSISDN', 'text', 'ALL', NULL, NULL, NULL, NULL),
    ('29', 'dealerTerminalId', 'text', 'ALL', NULL, NULL, NULL, NULL),
    ('30', 'fromDate', 'date', NULL, NULL, NULL, NULL, NULL),
    ('30', 'toDate', 'date', NULL, NULL, NULL, NULL, NULL),
    ('30', 'dealerID', 'text', NULL, NULL, NULL, NULL, NULL),
    ('30', 'dealerType', 'text', 'ALL', NULL, NULL, NULL, NULL),
    ('31', 'clientReference', 'text', NULL, NULL, NULL, NULL, NULL),
    ('32', 'resellerId', 'text', NULL, NULL, NULL, NULL, NULL),
    ('32', 'size', 'text', '5', NULL, NULL, NULL, NULL),
    ('33', 'distributorId', 'text', 'ALL', NULL, NULL, NULL, NULL),
    ('33', 'fromDate', 'date', NULL, NULL, NULL, NULL, NULL),
    ('33', 'toDate', 'date', NULL, NULL, NULL, NULL, NULL),
    ('34', 'buyerId', 'text', 'ALL', NULL, NULL, NULL, NULL),
    ('34', 'buyerType', 'text', 'ALL', NULL, NULL, NULL, NULL),
    ('34', 'fromDate', 'date', NULL, NULL, NULL, NULL, NULL),
    ('34', 'toDate', 'date', NULL, NULL, NULL, NULL, NULL),
    ('35', 'productType', 'text', 'SERIALIZED', NULL, NULL, NULL, NULL),
    ('35', 'productSku', 'text', 'ALL', NULL, NULL, NULL, NULL),
    ('35', 'fromDate', 'date', NULL, NULL, NULL, NULL, NULL),
    ('35', 'toDate', 'date', NULL, NULL, NULL, NULL, NULL),
    ('35', 'startSerial', 'text', NULL, NULL, NULL, NULL, NULL),
    ('35', 'endSerial', 'text', NULL, NULL, NULL, NULL, NULL),
    ('36', 'productType', 'text', 'TRACKABLE_NONSERIALIZED', NULL, NULL, NULL, NULL),
    ('36', 'productSku', 'text', 'ALL', NULL, NULL, NULL, NULL),
    ('36', 'fromDate', 'date', NULL, NULL, NULL, NULL, NULL),
    ('36', 'toDate', 'date', NULL, NULL, NULL, NULL, NULL),
    ('36', 'startSerial', 'text', NULL, NULL, NULL, NULL, NULL),
    ('36', 'endSerial', 'text', NULL, NULL, NULL, NULL, NULL),
    ('37', 'resellerId', 'text', NULL, NULL, NULL, NULL, NULL),
    ('38', 'size', 'text', '5', NULL, NULL, NULL, NULL),
    ('38', 'dealerId', 'text', 'ALL', NULL, NULL, NULL, NULL),
    ('38', 'orderType', 'text', 'ALL', NULL, NULL, NULL, NULL),
    ('38', 'orderStatus', 'text', 'ALL', NULL, NULL, NULL, NULL),
    ('38', 'fromDate', 'date', 'ALL', NULL, NULL, NULL, NULL),
    ('38', 'toDate', 'date', 'ALL', NULL, NULL, NULL, NULL),
    ('39', 'fromDate', 'date', NULL, NULL, NULL, NULL, NULL),
    ('39', 'toDate', 'date', NULL, NULL, NULL, NULL, NULL),
    ('39', 'transactionType', 'text', 'ALL', NULL, NULL, NULL, NULL),
    ('39', 'dealerType', 'text', 'ALL', NULL, NULL, NULL, NULL),
    ('39', 'dealerID', 'text', 'ALL', NULL, NULL, NULL, NULL),
    ('39', 'dealerMSISDN', 'text', 'ALL', NULL, NULL, NULL, NULL),
    ('39', 'dealerTerminalId', 'text', 'ALL', NULL, NULL, NULL, NULL),
    ('40', 'fromDate', 'date', NULL, NULL, NULL, NULL, NULL),
    ('40', 'toDate', 'date', NULL, NULL, NULL, NULL, NULL),
    ('40', 'dealerType', 'text', 'ALL', NULL, NULL, NULL, NULL),
    ('40', 'dealerID', 'text', 'ALL', NULL, NULL, NULL, NULL),
    ('41','fromDate', 'date', NULL, NULL, NULL, NULL, NULL),
    ('41','toDate', 'date', NULL, NULL, NULL, NULL, NULL),
    ('41','accountType', 'select', 'ALL', 'ALL,RESELLER', NULL, NULL, NULL),
    ('41','channel', 'select', 'ALL', 'ALL,USSD,WEBSERVICE,webadmin,WEB', NULL, NULL, NULL),
    ('42','fromDate', 'date', NULL, NULL, NULL, NULL, NULL),
    ('42','toDate', 'date', NULL, NULL, NULL, NULL, NULL),
    ('42','channel', 'select', 'WEB', 'USSD,WEBSERVICE,webadmin,WEB', NULL, NULL, NULL),
    ('43','fromDate', 'date', NULL, NULL, NULL, NULL, NULL),
    ('43','toDate', 'date', NULL, NULL, NULL, NULL, NULL),
    ('43','channel', 'select', 'WEB', 'USSD,WEBSERVICE,webadmin,WEB', NULL, NULL, NULL),
    ('44','fromDate', 'date', NULL, NULL, NULL, NULL, NULL),
    ('44','toDate', 'date', NULL, NULL, NULL, NULL, NULL),
    ('44', 'dealerType', 'text', 'ALL', NULL, NULL, NULL, NULL),
    ('44', 'dealerId', 'text', 'ALL', NULL, NULL, NULL, NULL),
    ('44', 'dealerMsisdn', 'text', 'ALL', NULL, NULL, NULL, NULL),
    ('44', 'dealerEposTerminalId', 'text', 'ALL', NULL, NULL, NULL, NULL),
    ('45','fromDate', 'date', NULL, NULL, NULL, NULL, NULL),
    ('45','toDate', 'date', NULL, NULL, NULL, NULL, NULL),
    ('45', 'dealerId', 'text', 'ALL', NULL, NULL, NULL, NULL),
    ('45', 'operationType', 'text', 'ALL', NULL, NULL, NULL, NULL),
    ('46','fromDate', 'date', NULL, NULL, NULL, NULL, NULL),
    ('46','toDate', 'date', NULL, NULL, NULL, NULL, NULL),
    ('46', 'operationType', 'text', 'ALL', NULL, NULL, NULL, NULL),
    ('46', 'dealerId', 'text', 'ALL', NULL, NULL, NULL, NULL),
    ('46', 'dealerType', 'text', 'ALL', NULL, NULL, NULL, NULL),
    ('46', 'dealerMsisdn', 'text', 'ALL', NULL, NULL, NULL, NULL),
    ('46', 'terminalId', 'text', 'ALL', NULL, NULL, NULL, NULL),
    ('47', 'fromDate', 'date', NULL, NULL, NULL, NULL, NULL),
    ('47', 'toDate', 'date', NULL, NULL, NULL, NULL, NULL),
    ('47', 'dealerID', 'text', 'ALL', NULL, NULL, NULL, NULL),
    ('47', 'dealerMSISDN', 'text', 'ALL', NULL, NULL, NULL, NULL),
    ('47', 'dealerTerminalId', 'text', 'ALL', NULL, NULL, NULL, NULL),
    ('48', 'fromDate', 'date', NULL, NULL, NULL, NULL, NULL),
    ('48', 'toDate', 'date', NULL, NULL, NULL, NULL, NULL),
    ('48','accountType', 'select', 'ALL', 'ALL,RESELLER', NULL, NULL, NULL),
    ('48','sellerDealerType', 'select', 'ALL', 'ALL,POS,Unitel agent,Mobile Dealre', NULL, NULL, NULL),
    ('48','sortBy', 'select', 'amount', 'amount,quantity', NULL, NULL, NULL),
    ('49', 'dealerType', 'text', 'ALL', NULL, NULL, NULL, NULL),
    ('49', 'deviationThreshold', 'text', '0', NULL, NULL, NULL, NULL),
    ('50', 'dealerType', 'text', 'ALL', NULL, NULL, NULL, NULL),
    ('50', 'deviationThreshold', 'text', '0', NULL, NULL, NULL, NULL),
    ('51','fromDate', 'date', NULL, NULL, NULL, NULL, NULL),
    ('51','toDate', 'date', NULL, NULL, NULL, NULL, NULL),
    ('51','channel', 'select', 'WEB', 'USSD,WEBSERVICE,webadmin,WEB', NULL, NULL, NULL);


TRUNCATE `report_access_control`;
INSERT INTO `report_access_control` (`id`, `type_role`, `name`, `report_list_ids`, `status`, `dashboard_url_ids`)
VALUES
	(1,'Super user',NULL,'1,2,3,4,5,6,7,8,9,10,11,12,13,14,15,16,19,21,22,23,24,26,27,28,29,30,31,32,33,34,35,36,37,38,39,40,41,42,43,44,45,46,47,48,49,50,51','active','1,2'),
	(2,'Reseller admin',NULL,'17,18,20,25','active','1,2');

TRUNCATE `dashboard_url`;
INSERT INTO `dashboard_url` (`id`, `dashboard_url`, `status`, `tab_name`)
VALUES
	(1,'/views/Superstore/Customers','active','customers'),
	(2,'/views/Superstore/Forecast','active','forecast');

TRUNCATE `report_category_mapping`;
INSERT INTO `report_category_mapping` (`id`, `category_name`, `report_list_ids`)
VALUES
    (1, 'Report', '1,11,17,18,26,27,2,3,30,31,32,33,34,35,36,37,38,39,40,41,42,43,44,45,46,47,48,49,50,51'),
    (2, 'Audits', '12,21,23,14,15,16,19,20,24,4,5'),
    (3, 'Search', '13,25,6,7,8,9,10,28,22,45'),
    (4, 'Extra', NULL);

TRUNCATE `bi`.`report_channel_access_control`;
INSERT INTO `bi`.`report_channel_access_control` (`id`, `channel`, `report_list_ids`, `status`)
VALUES
    (1, 'web', '1,2,3,4,5,6,7,8,9,10,11,12,13,14,15,16,19,21,22,23,24,26,27,28,29,30,31,32,33,34,35,36,37,38,39,40,41,42,43,44,45,46,47,48,49,50,51','active'),
    (2, 'app', '1,2,3,4,5,6,7,8,9,11,12,13,14,15','active');

